name,id,artist,artist_id,album,popularity,is_top_10,explicit,danceability,energy,key,loudness,mode,speechiness,acousticness,instrumentalness,liveness,valence,tempo,duration_ms,time_signature
Nossos Dias,50uEFZ86rXLP30bCtrNUFQ,Alok,0NGAZxHanS9e0iNHpR8f2W,Nossos Dias,54,0,False,0.565,0.807,11,-6.493,1,0.0375,0.0232,2.09e-05,0.141,0.242,145.018,164000,4
Team Side Feat. RCB,4YHA0wXklru86h1N211Ywh,Alan Walker,7vk5e3vY1uw9plTHJAMwjN,Team Side Feat. RCB,54,0,False,0.58,0.838,1,-4.185,0,0.0771,0.0764,0.0,0.643,0.421,96.987,181000,4
Hate CD,4MWduUIT0QTMHgvKpxPSI1,Steve Lacy,57vWImR43h4CaDao012Ofp,Hate CD,24,0,False,0.824,0.716,0,-7.089,1,0.0526,0.000916,0.0148,0.299,0.771,107.997,160183,4
Girl Goodbye - Live,1KyPErMM5C3ziZ4KKyxxme,TOTO,0PFtn5NtBbbUNbU9EAmIWF,Live In Amsterdam,10,0,False,0.345,0.924,7,-6.63,1,0.116,0.00285,0.235,0.538,0.451,123.254,223933,4
Goodbye Elenore - Live,0Ga0BaGdsQ1lPBcMACHokr,TOTO,0PFtn5NtBbbUNbU9EAmIWF,Live In Amsterdam,9,0,False,0.445,0.909,6,-5.246,0,0.0378,0.0287,0.0168,0.603,0.658,78.582,113027,4
Child's Anthem - Live,2dDMSS1QC4Z0jjwokzI1Hr,TOTO,0PFtn5NtBbbUNbU9EAmIWF,Live In Amsterdam,8,0,False,0.301,0.781,1,-5.178,0,0.0349,0.0191,0.989,0.21,0.522,76.237,56107,4
I'll Supply The Love - Live,4lbilWkxb3XtDBrkBRupQi,TOTO,0PFtn5NtBbbUNbU9EAmIWF,Live In Amsterdam,8,0,False,0.428,0.984,1,-6.249,0,0.0863,0.0112,0.864,0.756,0.521,125.359,80227,3
Gift With A Golden Gun - Live,53OwuNYvi6CBSYtqww5hHQ,TOTO,0PFtn5NtBbbUNbU9EAmIWF,Live In Amsterdam,8,0,False,0.426,0.91,5,-6.203,1,0.0594,0.0802,0.00611,0.967,0.668,161.596,288507,4
While My Guitar Gently Weeps - Live,2GkhqVMxwePrTh4yu0XWMJ,TOTO,0PFtn5NtBbbUNbU9EAmIWF,Live In Amsterdam,22,0,False,0.528,0.758,7,-6.97,1,0.0553,0.195,0.0135,0.978,0.307,108.925,345000,4
Bodhisattva - Live,6auUOYXyP76l4fiqC86c9E,TOTO,0PFtn5NtBbbUNbU9EAmIWF,Live In Amsterdam,8,0,False,0.47,0.975,0,-6.002,1,0.0813,0.0047,0.192,0.987,0.352,115.023,295267,4
Africa - Live,40mAP1tMzCF1Ot6gcShJ8v,TOTO,0PFtn5NtBbbUNbU9EAmIWF,Live In Amsterdam,24,0,False,0.56,0.767,1,-8.07,0,0.0428,0.169,0.0129,0.982,0.532,92.791,428960,4
Waiting For Your Love - Live,5J2DkQwMIbLmibkaIa4xt4,TOTO,0PFtn5NtBbbUNbU9EAmIWF,Live In Amsterdam,9,0,False,0.636,0.685,5,-10.301,0,0.0609,0.24,0.108,0.354,0.615,102.212,389840,4
Georgy Porgy - Live,3VRjkit93adbhpRRRkzzLr,TOTO,0PFtn5NtBbbUNbU9EAmIWF,Live In Amsterdam,13,0,False,0.59,0.645,2,-9.715,1,0.0464,0.39,0.000399,0.0961,0.378,99.413,132587,4
Lion - Live,6XpHm5Xa9GvpHwAAfaXRD6,TOTO,0PFtn5NtBbbUNbU9EAmIWF,Live In Amsterdam,6,0,False,0.413,0.956,6,-4.749,0,0.119,0.0445,0.853,0.11,0.581,91.594,90613,4
Hydra - Live,08gxADYrDOivCjPqovrRJP,TOTO,0PFtn5NtBbbUNbU9EAmIWF,Live In Amsterdam,7,0,False,0.296,0.833,9,-8.226,1,0.0519,0.208,0.949,0.387,0.262,184.221,85933,4
English Eyes - Live,4EOSu4a26ydMWyPNKl1LGi,TOTO,0PFtn5NtBbbUNbU9EAmIWF,Live In Amsterdam,7,0,False,0.53,0.668,2,-5.89,1,0.0305,0.151,0.034,0.299,0.441,121.132,142093,4
Till The End - Live,533O9ABGAzEJaggjy9FCKp,TOTO,0PFtn5NtBbbUNbU9EAmIWF,Live In Amsterdam,6,0,False,0.513,0.959,9,-6.496,1,0.25,0.139,0.0196,0.99,0.491,118.975,41907,4
I Won't Hold You Back - Live,0VIGughpsYeqmjeehbnJA5,TOTO,0PFtn5NtBbbUNbU9EAmIWF,Live In Amsterdam,9,0,False,0.589,0.443,0,-10.802,0,0.0312,0.397,0.000201,0.978,0.343,101.963,326960,4
Rosanna - Live,0u95C1yu03YTQEOHIKexBI,TOTO,0PFtn5NtBbbUNbU9EAmIWF,Live In Amsterdam,13,0,False,0.383,0.807,0,-7.064,1,0.0577,0.0559,0.0038,0.976,0.53,81.054,525933,4
Afraid Of Love - Live,2H4aM3FSteNyi3KWTY42so,TOTO,0PFtn5NtBbbUNbU9EAmIWF,Live In Amsterdam,7,0,False,0.458,0.915,4,-6.168,1,0.0363,0.00294,0.0021,0.389,0.431,125.436,281440,4
Hold The Line - Live,3nWAmnSkN78tfWFAt8OVvc,TOTO,0PFtn5NtBbbUNbU9EAmIWF,Live In Amsterdam,20,0,False,0.302,0.939,6,-6.208,0,0.164,0.15,0.000206,0.905,0.399,149.562,280427,3
Home Of The Brave - Live,0CmZzGukWXIJadUL4lir31,TOTO,0PFtn5NtBbbUNbU9EAmIWF,Live In Amsterdam,7,0,False,0.381,0.878,4,-7.155,1,0.0616,0.00215,0.00316,0.991,0.289,151.419,491600,4
ATTITUDE (FEAT. CHARLIE WILSON & CASH COBAIN),0KFXE2mLTFdOKkTZEDgJPv,Don Toliver,4Gso3d4CscCijv0lmajZWs,Attitude (feat. Charlie Wilson & Cash Cobain),70,0,True,0.65,0.655,2,-5.43,1,0.0385,0.0285,0.0,0.159,0.432,154.993,161094,4
Not Dead Yet,5NRbNXwXHM9mYgxMhzVWTP,Lord Huron,6ltzsmQQbmdoHHbLZ4ZN25,Not Dead Yet,46,0,False,0.491,0.809,10,-7.68,1,0.0332,0.33,0.158,0.0874,0.656,74.008,177366,4
Podemos Repetirlo,0If7xxzqs7Dv1SSO2MFKXF,Don Omar,33ScadVnbm2X8kkUqOkC6Z,Podemos Repetirlo,55,0,False,0.858,0.691,7,-6.805,0,0.111,0.0289,0.0,0.0811,0.792,167.915,211708,4
Number 9 (feat. Lil Yachty),6cU5urANuL1UYaBg5DNre4,Miguel,360IAlyVv4PCEVjgyMZrxK,Number 9 (feat. Lil Yachty),37,0,False,0.762,0.646,6,-6.311,1,0.0465,0.213,0.0,0.192,0.623,126.02,192059,4
We Weren't Born To Follow,6tVwi09OwB7zVYV0NUajeP,Bon Jovi,58lV9VcRSjABbAbfWS6skp,The Circle,52,0,False,0.5,0.847,11,-4.223,1,0.0416,0.00123,0.0,0.0875,0.715,125.966,243493,4
When We Were Beautiful,3kE5ToakSPiv7BdeCuyLDc,Bon Jovi,58lV9VcRSjABbAbfWS6skp,The Circle,40,0,False,0.441,0.735,2,-5.732,1,0.0346,0.00138,1.53e-05,0.08,0.138,122.028,318093,4
Work For The Working Man,6iQ6aFY6qEjh9E6JvfC0GF,Bon Jovi,58lV9VcRSjABbAbfWS6skp,The Circle,34,0,False,0.573,0.666,4,-5.513,0,0.0377,0.00414,6.4e-06,0.107,0.319,120.896,244053,4
Superman Tonight,3IwklwtPJ6pHRfH9Sn7Hjx,Bon Jovi,58lV9VcRSjABbAbfWS6skp,The Circle,33,0,False,0.47,0.798,7,-5.313,1,0.0445,0.00403,0.0,0.128,0.159,129.82,312867,4
Bullet,460UgbjCQJveEdrgWpSGKq,Bon Jovi,58lV9VcRSjABbAbfWS6skp,The Circle,25,0,False,0.543,0.817,6,-4.81,0,0.0394,0.00026,0.00011,0.0671,0.219,107.977,230080,4
Thorn In My Side,2CIe5aSrmQo1GctSHM4AAQ,Bon Jovi,58lV9VcRSjABbAbfWS6skp,The Circle,26,0,False,0.43,0.797,7,-3.863,1,0.0428,0.00018,0.000106,0.338,0.463,144.042,245067,4
Live Before You Die,1mdoIF9j2IxLi9MyiCHZKK,Bon Jovi,58lV9VcRSjABbAbfWS6skp,The Circle,25,0,False,0.329,0.572,7,-6.224,1,0.0311,0.0153,0.0,0.201,0.213,79.447,257947,4
Brokenpromiseland,0PRGswWxm2PXj4OUBxXWrS,Bon Jovi,58lV9VcRSjABbAbfWS6skp,The Circle,26,0,False,0.528,0.808,11,-4.92,0,0.0397,0.0231,3.42e-06,0.0615,0.344,121.953,297267,4
Love's The Only Rule,6q8TWiOl9QSl8ehVhSuChS,Bon Jovi,58lV9VcRSjABbAbfWS6skp,The Circle,28,0,False,0.466,0.839,11,-5.312,1,0.0445,0.000181,1.05e-06,0.0788,0.2,141.01,278400,4
Fast Cars,5C2yZ3tVzWyUzQyZarZHnR,Bon Jovi,58lV9VcRSjABbAbfWS6skp,The Circle,24,0,False,0.555,0.675,1,-5.837,0,0.0314,0.00517,0.0,0.112,0.148,110.955,196853,4
Happy Now,17kuxuGk1bt0wlCnHWbHgv,Bon Jovi,58lV9VcRSjABbAbfWS6skp,The Circle,25,0,False,0.544,0.934,7,-4.793,1,0.0489,0.00236,1.69e-06,0.239,0.133,114.022,261053,4
Learn To Love,41CBafndUngNteHmYKUL7k,Bon Jovi,58lV9VcRSjABbAbfWS6skp,The Circle,23,0,False,0.48,0.605,0,-6.745,1,0.0285,0.000158,0.0,0.121,0.174,110.047,279640,4
Mockingbird Valley,0ZokOXBAZbHQdjo79tvBvZ,DJ Drama,5oNgAs7j5XcBMzWv3HAnHG,Mockingbird Valley,19,0,True,0.67,0.844,11,-5.743,0,0.339,0.322,0.0,0.177,0.576,176.051,154027,4
Like What (Freestyle) - Instrumental,26qKDCBu9jJBkHZKS8qRVF,Cardi B,4kYSro6naA4h99UJvo89HB,Like What (Freestyle) [Instrumental],18,0,False,0.775,0.409,7,-10.353,1,0.0521,0.0044,0.57,0.121,0.64,115.008,136400,4
Paracaídas,1vqjGiaXCpPGFfQ2srGOPK,Brytiago,00XhexlJEXQstHimpZN910,Paracaídas,46,0,False,0.798,0.671,7,-4.653,1,0.0424,0.242,0.0,0.113,0.773,116.03,187051,4
"De Do Do Do, De Da Da Da - Spanish Version",4Gcu162dKJzfMUDcRtEa03,The Police,5NGO30tJxFlKixkPSgXcFE,"De Do Do Do, De Da Da Da (Spanish Version)",13,0,False,0.814,0.407,9,-13.496,1,0.0616,0.35,0.000157,0.129,0.814,150.613,244215,4
I Love You More Than You Know (feat. Childish Gambino),0oXOnlYymBNd7WtRwuMkRy,bLAck pARty,4C9Tvlt8v7d8R6h98FgdUy,I Love You More Than You Know (feat. Childish Gambino),37,0,False,0.625,0.592,11,-8.034,0,0.0363,0.0971,0.073,0.119,0.217,88.04,263360,4
SIRI,1DztJabkXg3WRLy5Ul0Snh,Romeo Santos,5lwmRuXgjX8xIwlnauTZIP,SIRI,50,0,False,0.69,0.524,3,-5.552,1,0.146,0.418,4.63e-06,0.0748,0.44,125.783,164093,5
Easy Money,4Wv7aG6kbHLbo2h218dChl,Billy Joel,6zFYqv1mOsgBRQbae3JJ9e,An Innocent Man,38,0,False,0.577,0.827,7,-5.919,1,0.138,0.0314,0.0,0.0764,0.767,144.717,244693,4
An Innocent Man,1Gg14U26oq94uWcG7khccX,Billy Joel,6zFYqv1mOsgBRQbae3JJ9e,An Innocent Man,52,0,False,0.509,0.382,0,-9.441,1,0.0351,0.0466,0.0,0.112,0.427,105.764,318000,4
The Longest Time,5DH7nDryMhpixm4G4B7RP9,Billy Joel,6zFYqv1mOsgBRQbae3JJ9e,An Innocent Man,64,0,False,0.637,0.333,3,-9.603,1,0.0262,0.181,0.0,0.147,0.588,84.347,217907,4
This Night,6ZTRRn6pGCt2qxkiUKgqqk,Billy Joel,6zFYqv1mOsgBRQbae3JJ9e,An Innocent Man,40,0,False,0.489,0.552,9,-6.618,1,0.0271,0.0713,0.0,0.137,0.391,68.99,255333,4
Tell Her About It,6kCJMxv445L2okuTiou1fR,Billy Joel,6zFYqv1mOsgBRQbae3JJ9e,An Innocent Man,57,0,False,0.565,0.894,8,-5.241,1,0.175,0.00777,0.0,0.49,0.737,182.262,229200,4
Uptown Girl,5zA8vzDGqPl2AzZkEYQGKh,Billy Joel,6zFYqv1mOsgBRQbae3JJ9e,An Innocent Man,82,1,False,0.701,0.944,4,-2.986,1,0.0455,0.0755,0.0,0.601,0.792,128.993,197707,4
Careless Talk,1ESWiMfAZJCZH3YC9Mu5CB,Billy Joel,6zFYqv1mOsgBRQbae3JJ9e,An Innocent Man,35,0,False,0.794,0.716,2,-7.039,0,0.0376,0.139,0.0,0.0804,0.964,128.577,228427,4
Christie Lee,0wXtJFhGYMkccpJK0jhaQr,Billy Joel,6zFYqv1mOsgBRQbae3JJ9e,An Innocent Man,34,0,False,0.669,0.918,0,-5.044,1,0.0443,0.022,0.0,0.39,0.96,148.102,211133,4
Leave a Tender Moment Alone,4Qw41GUmS4rF7GR3am9Rt6,Billy Joel,6zFYqv1mOsgBRQbae3JJ9e,An Innocent Man,49,0,False,0.628,0.548,10,-7.507,1,0.0423,0.229,0.0,0.555,0.564,109.92,236707,4
Keeping the Faith,3nulzAA8PNw1nZcUbrNxcf,Billy Joel,6zFYqv1mOsgBRQbae3JJ9e,An Innocent Man,49,0,False,0.781,0.672,2,-7.474,1,0.108,0.245,0.0,0.161,0.854,90.609,279000,4
LOS DUEÑOS DE LA CALLE - Remix,772VU8O47TkYt9Dxf6kZYE,Omar Courtz,3E12tRURRvPfHz0hAMCFYc,LOS DUEÑOS DE LA CALLE - Remix,54,0,True,0.594,0.655,8,-6.642,1,0.348,0.211,0.0,0.497,0.638,137.961,306493,4
Chateau (Feel Alright),1wNPtgvQLvfNcQhBWHQ4eY,Djo,5p9HO3XC5P3BLxJs5Mtrhm,Chateau (Feel Alright),25,0,False,0.641,0.365,7,-11.765,1,0.027,0.434,8.49e-06,0.297,0.343,134.874,272157,4
Smokin' On (feat. Juicy J),7bGX4GBapXgYB9FqW7G61r,Snoop Dogg,7hJcb9fa4alzcOq3EaNPoG,Mac and Devin Go to High School (Music from and Inspired by the Movie),34,0,False,0.722,0.754,1,-6.517,1,0.158,0.00629,0.0,0.348,0.387,137.028,265093,4
I Get Lifted,2miu2tLzvzR9G4rS34iTA0,Snoop Dogg,7hJcb9fa4alzcOq3EaNPoG,Mac and Devin Go to High School (Music from and Inspired by the Movie),27,0,False,0.769,0.676,7,-5.62,1,0.148,0.00422,0.0,0.2,0.752,96.053,292627,4
"You Can Put It in a Zag, I'mma Put It in a Blunt",6FB3YFCgKExtmk64OVoPN2,Snoop Dogg,7hJcb9fa4alzcOq3EaNPoG,Mac and Devin Go to High School (Music from and Inspired by the Movie),21,0,False,0.657,0.618,8,-8.495,0,0.327,0.125,0.0,0.151,0.527,93.965,199467,4
6:30,3XQatg8bMXiBXY9JAPm3Ay,Snoop Dogg,7hJcb9fa4alzcOq3EaNPoG,Mac and Devin Go to High School (Music from and Inspired by the Movie),28,0,False,0.842,0.938,6,-2.569,1,0.155,0.0521,0.0,0.107,0.709,96.995,250947,4
Talent Show,7rACnijOsrC3XVHjnHyj04,Snoop Dogg,7hJcb9fa4alzcOq3EaNPoG,Mac and Devin Go to High School (Music from and Inspired by the Movie),30,0,False,0.583,0.886,1,-5.277,1,0.373,0.0772,0.0,0.467,0.7,79.712,275427,4
Let's Go Study,5vsyddyBVx9kNIiCzvg935,Snoop Dogg,7hJcb9fa4alzcOq3EaNPoG,Mac and Devin Go to High School (Music from and Inspired by the Movie),23,0,False,0.686,0.743,7,-5.734,1,0.207,0.0799,0.00377,0.0804,0.407,83.494,245867,4
"Young, Wild & Free (feat. Bruno Mars)",6YbhspuOar1D9WSSnfe7ds,Snoop Dogg,7hJcb9fa4alzcOq3EaNPoG,Mac and Devin Go to High School (Music from and Inspired by the Movie),67,1,False,0.553,0.652,0,-6.685,1,0.206,0.0897,0.0,0.111,0.551,94.505,207347,4
OG (feat. Curren$y),2inWC24apqzXIoEVsAEfiR,Snoop Dogg,7hJcb9fa4alzcOq3EaNPoG,Mac and Devin Go to High School (Music from and Inspired by the Movie),34,0,False,0.57,0.789,2,-4.797,1,0.168,0.288,0.0,0.132,0.362,148.253,298147,4
French Inhale (feat. Mike Posner),2llgZTtwUyjlosxQe8pegR,Snoop Dogg,7hJcb9fa4alzcOq3EaNPoG,Mac and Devin Go to High School (Music from and Inspired by the Movie),37,0,False,0.635,0.839,6,-5.423,1,0.101,0.122,4e-06,0.116,0.388,80.873,159360,4
It Could Be Easy,4pKwLrW0qjgs3JcT48MyCn,Snoop Dogg,7hJcb9fa4alzcOq3EaNPoG,Mac and Devin Go to High School (Music from and Inspired by the Movie),21,0,False,0.484,0.825,1,-5.978,1,0.276,0.0476,0.0,0.405,0.56,161.768,288787,4
World Class,39A2OfXi9t4nL6OO8D3IM8,Snoop Dogg,7hJcb9fa4alzcOq3EaNPoG,Mac and Devin Go to High School (Music from and Inspired by the Movie),25,0,False,0.653,0.706,1,-8.201,1,0.286,0.243,0.0,0.133,0.53,79.854,210387,4
That Good,1E9hKwf94dY92BYNBp9Z7O,Snoop Dogg,7hJcb9fa4alzcOq3EaNPoG,Mac and Devin Go to High School (Music from and Inspired by the Movie),34,0,False,0.544,0.701,9,-6.479,1,0.249,0.0213,0.0,0.143,0.227,180.226,228733,4
White Lie,7kxNGWrJIGDms2JgbMqOXg,The Lumineers,16oZKvXb6WkQlVAjwo2Wbg,CRIMES,10,0,False,0.632,0.284,8,-9.319,1,0.0315,0.792,0.000704,0.109,0.168,79.024,195083,5
Gun Song,5nPriYoXz5SdMotLSCZ1cE,The Lumineers,16oZKvXb6WkQlVAjwo2Wbg,CRIMES,10,0,False,0.683,0.713,7,-5.514,1,0.025,0.293,2.16e-05,0.0997,0.271,96.273,216547,4
Leader Of The Landslide,5IvTc5dDfoquihpM3OXknw,The Lumineers,16oZKvXb6WkQlVAjwo2Wbg,CRIMES,9,0,True,0.355,0.437,1,-8.822,1,0.0513,0.804,1.64e-05,0.283,0.118,64.222,354840,3
Jimmy Sparks,3CvECYxeViC7PAlqMBghpi,The Lumineers,16oZKvXb6WkQlVAjwo2Wbg,CRIMES,9,0,False,0.504,0.383,8,-8.026,1,0.0354,0.734,3.91e-05,0.332,0.191,108.949,355987,4
Gloria,0nzWJrvbaZ4koB5YIEm23x,The Lumineers,16oZKvXb6WkQlVAjwo2Wbg,CRIMES,9,0,False,0.545,0.714,11,-6.021,1,0.0367,0.659,5.57e-06,0.0785,0.661,78.107,216120,4
My Cell,1BYfHXxz60iQcxuCePKuVP,The Lumineers,16oZKvXb6WkQlVAjwo2Wbg,CRIMES,8,0,False,0.64,0.228,8,-9.29,1,0.0285,0.922,0.000611,0.156,0.302,134.619,196280,4
Enculado,3RauwC9sLKjxVN7uNw0vAH,Fuerza Regida,0ys2OFYzWYB5hRDLCsBqxt,Dolido Pero No Arrepentido,74,0,True,0.742,0.599,6,-5.939,0,0.0369,0.0747,8.39e-06,0.168,0.823,125.13,147878,3
Brillarosa,2BMlaVJaHDGd3ODSyrB2VK,Fuerza Regida,0ys2OFYzWYB5hRDLCsBqxt,Dolido Pero No Arrepentido,77,0,False,0.771,0.782,1,-5.841,1,0.0341,0.305,1.25e-06,0.114,0.839,125.027,169588,3
TÚ NAME,3FqUPvubYeRCMsdJ02QyZR,Fuerza Regida,0ys2OFYzWYB5hRDLCsBqxt,Dolido Pero No Arrepentido,83,1,False,0.76,0.747,0,-5.083,0,0.0282,0.0675,2.73e-06,0.309,0.884,128.912,152079,3
OYE,5D0N7a6vursEiO2jAC7dAF,Fuerza Regida,0ys2OFYzWYB5hRDLCsBqxt,Dolido Pero No Arrepentido,72,0,False,0.681,0.882,9,-5.293,0,0.0403,0.0187,0.0,0.21,0.731,119.978,161164,4
Falsa,3N5fHogY7kxVNrD7icdzXY,Fuerza Regida,0ys2OFYzWYB5hRDLCsBqxt,Dolido Pero No Arrepentido,70,0,False,0.753,0.828,0,-4.986,0,0.0324,0.0207,3.3e-05,0.248,0.737,124.99,156298,3
PXTXS,4QF7oh4M4et8li0TCLQlMW,Fuerza Regida,0ys2OFYzWYB5hRDLCsBqxt,Dolido Pero No Arrepentido,64,0,True,0.61,0.505,0,-6.176,1,0.0361,0.421,0.0,0.0912,0.667,89.922,209045,4
Cuando Tu Me Bailas (Version House),7L4ef2cjI4BjMwjrprKiZK,Cuñao Production,555Ej5we1rV3nHHkHtNkw8,Cuando Tu Me Bailas (Version House),31,0,True,0.858,0.888,10,-5.961,0,0.0603,0.13,0.161,0.193,0.586,118.989,191216,4
I Want to See the Bright Lights Tonight,6NHcTgiGeFMOKQ6rAtt6vj,Mark Ronson,3hv9jJF3adDNsBSIQDqcjp,I Want to See the Bright Lights Tonight,16,0,False,0.556,0.645,0,-5.957,1,0.0386,0.207,7.48e-06,0.362,0.231,80.91,152685,4
Stamina,1tOp1bXhT9tvydSAGDHdQy,Tiwa Savage,1hNaHKp2Za5YdOAG0WnRbc,Stamina,59,1,False,0.661,0.605,8,-8.629,1,0.0956,0.0933,0.0,0.11,0.665,114.438,166957,4
Just Your Fool,2kNr8K2GKAmzJHNWO7iJUF,The Rolling Stones,22bE4uQ6baNwSHPVcDxLCe,Blue & Lonesome,46,0,False,0.547,0.903,2,-3.832,1,0.0579,0.329,0.216,0.388,0.842,116.152,136427,4
Commit A Crime,5hWH3pUZccd9fiDvR19GJl,The Rolling Stones,22bE4uQ6baNwSHPVcDxLCe,Blue & Lonesome,30,0,False,0.563,0.802,2,-4.496,1,0.0311,0.23,0.667,0.534,0.777,124.123,218307,4
Blue And Lonesome,1g7NuHCYVpOhRSCL6ujZOG,The Rolling Stones,22bE4uQ6baNwSHPVcDxLCe,Blue & Lonesome,32,0,False,0.341,0.833,2,-3.986,0,0.0551,0.697,0.0674,0.355,0.594,57.772,187307,4
All Of Your Love,1sRuWDg7BRBs8Jq5FmMNyA,The Rolling Stones,22bE4uQ6baNwSHPVcDxLCe,Blue & Lonesome,30,0,False,0.429,0.683,4,-5.046,0,0.0327,0.459,0.462,0.272,0.277,75.68,286680,4
I Gotta Go,3dLnl0OKTxQcRZlGcJzorK,The Rolling Stones,22bE4uQ6baNwSHPVcDxLCe,Blue & Lonesome,33,0,False,0.579,0.872,2,-3.102,1,0.0795,0.469,0.00286,0.087,0.505,120.033,206173,4
Everybody Knows About My Good Thing,1ngG1sLe4vloTtxoP92eW4,The Rolling Stones,22bE4uQ6baNwSHPVcDxLCe,Blue & Lonesome,29,0,False,0.28,0.84,7,-3.497,1,0.0728,0.248,0.228,0.366,0.476,199.771,270827,3
Ride 'Em On Down,3Nzr5sukBwt2dOfXFRXX3Z,The Rolling Stones,22bE4uQ6baNwSHPVcDxLCe,Blue & Lonesome,45,0,False,0.508,0.949,4,-4.203,1,0.0866,0.14,0.0149,0.376,0.726,116.004,168987,4
Hate To See You Go,0EJCZM5mVoJjA1MxcoZE6O,The Rolling Stones,22bE4uQ6baNwSHPVcDxLCe,Blue & Lonesome,39,0,False,0.418,0.828,7,-5.173,1,0.122,0.399,0.669,0.146,0.376,184.436,200787,4
Hoo Doo Blues,5KjA0ATN6otF7YV09c3SBq,The Rolling Stones,22bE4uQ6baNwSHPVcDxLCe,Blue & Lonesome,28,0,False,0.461,0.74,7,-4.961,1,0.0387,0.358,0.138,0.301,0.597,70.003,156840,4
Little Rain,1RRXUq5Fhqcbtm02i5p68U,The Rolling Stones,22bE4uQ6baNwSHPVcDxLCe,Blue & Lonesome,29,0,False,0.432,0.384,2,-6.894,1,0.0279,0.844,0.0471,0.102,0.168,94.38,212213,3
Just Like I Treat You,3gjKl0yWv2M1aPLu6FFm3a,The Rolling Stones,22bE4uQ6baNwSHPVcDxLCe,Blue & Lonesome,27,0,False,0.59,0.905,2,-3.631,1,0.0424,0.303,0.00802,0.176,0.626,107.307,204653,4
I Can't Quit You Baby,5d48Ugz3zU2qfKdgKk4tL5,The Rolling Stones,22bE4uQ6baNwSHPVcDxLCe,Blue & Lonesome,33,0,False,0.328,0.711,2,-5.037,1,0.0455,0.226,0.0172,0.0669,0.17,182.5,313040,3
Run With Me - From The Voice Of Germany,7mqXDT7UTg3rCYbAJEKL4O,Calum Scott,6ydoSd3N2mwgwBHtF6K7eX,Run With Me (From The Voice Of Germany),39,0,False,0.603,0.464,2,-5.234,1,0.0301,0.585,0.0,0.104,0.234,110.007,199806,4
2 Cups Stuffed,5Ebq3wTcPJKGMlMsLynUMv,Young Thug,50co4Is1HCEo8bhOyUWKpn,Brick Sqaud,30,0,True,0.911,0.557,5,-8.566,1,0.372,0.0135,0.0,0.0769,0.626,139.017,193567,4
Im fo Real,03W7s9xgn0RYlNVqEkjGkG,Young Thug,50co4Is1HCEo8bhOyUWKpn,Brick Sqaud,21,0,True,0.58,0.598,0,-7.792,1,0.106,0.289,0.0,0.448,0.686,133.054,186828,4
Scared of You,7n29lOPTJUX5ucjOlGXMkx,Young Thug,50co4Is1HCEo8bhOyUWKpn,Brick Sqaud,22,0,True,0.685,0.542,1,-9.688,1,0.178,0.00664,0.0,0.798,0.149,141.054,177084,4
Think out Loud,4oXe1PgKA8p8SAH0MlWtij,Young Thug,50co4Is1HCEo8bhOyUWKpn,Brick Sqaud,20,0,True,0.318,0.798,0,-10.66,0,0.104,0.281,0.000277,0.756,0.604,144.527,199001,4
Natural,0fNqjVjx4lrbfawXXWsDPW,Young Thug,50co4Is1HCEo8bhOyUWKpn,Brick Sqaud,15,0,True,0.41,0.744,5,-10.964,0,0.402,0.00492,0.0,0.315,0.523,129.589,243853,1
Trigger Finger,4XXZUgs1CzGqAzTUGBWHf0,Young Thug,50co4Is1HCEo8bhOyUWKpn,Brick Sqaud,18,0,True,0.773,0.577,5,-11.299,0,0.285,0.0195,0.0,0.394,0.713,136.983,187141,4
Murder,7CDyPkW38IfFK6IYH01aqd,Young Thug,50co4Is1HCEo8bhOyUWKpn,Brick Sqaud,18,0,True,0.643,0.537,9,-11.125,0,0.124,0.00363,0.0,0.815,0.388,66.489,187690,4
Shooting Star,3TpwH3UE0DW1kKOjA0lFLO,Young Thug,50co4Is1HCEo8bhOyUWKpn,Brick Sqaud,23,0,True,0.896,0.717,4,-7.94,0,0.119,0.13,0.0,0.43,0.796,120.016,260493,4
I Want Her,4m7TAF8EuHxpTQxM8MrNwS,Young Thug,50co4Is1HCEo8bhOyUWKpn,Brick Sqaud,15,0,True,0.529,0.671,0,-12.981,1,0.217,0.0213,0.0,0.311,0.688,95.38,174550,5
My Time,2aDb2g63FrmOXscNwHnkPW,Young Thug,50co4Is1HCEo8bhOyUWKpn,Brick Sqaud,13,0,True,0.548,0.663,10,-12.551,1,0.0569,0.000495,0.0,0.114,0.718,86.576,294557,5
Why Order,6exI0iszFbTd3lACfv8sP6,Young Thug,50co4Is1HCEo8bhOyUWKpn,Brick Sqaud,15,0,True,0.937,0.504,8,-6.938,1,0.339,0.0118,0.0,0.191,0.177,120.897,198060,4
Time Of Ya Life,3jvCX5GQVc3fPhxjGufYEW,Young Thug,50co4Is1HCEo8bhOyUWKpn,Brick Sqaud,13,0,True,0.399,0.713,2,-11.258,1,0.378,0.00253,0.0,0.188,0.553,142.94,254642,4
Angry Sex,5LJFrbclvlVIYCpCMsOEbS,Young Thug,50co4Is1HCEo8bhOyUWKpn,Brick Sqaud,13,0,True,0.765,0.764,11,-11.525,1,0.129,0.0968,0.0,0.894,0.927,148.242,192758,4
International Connection,0vNgKtIVZRVTn7hVgsIOeq,Young Thug,50co4Is1HCEo8bhOyUWKpn,Brick Sqaud,0,0,True,0.629,0.302,7,-16.1,0,0.945,0.0593,0.0,0.0883,0.81,77.112,16144,4
Reminds Me Of You,5YSHygGN9D0mID1NsVd5my,Juice WRLD,4MCBfE4596Uoi2O4DtmEMz,Reminds Me Of You,65,0,True,0.613,0.631,4,-6.965,1,0.12,0.0663,0.0,0.169,0.33,149.992,158033,4
Juro Que,3ZwQCZ2LuYwuQ6R1p1CJ3w,ROSALÍA,7ltDVBr6mKbRvohxheJ9h1,Juro Que,51,0,False,0.645,0.495,11,-6.77,0,0.107,0.845,0.000534,0.333,0.627,81.852,170075,4
We Find Love,6EzSYsuIZvfUu81OjctbBt,Daniel Caesar,20wkVLutqVOYrc0kxFs7rA,We Find Love - Single,38,0,False,0.52,0.367,5,-8.776,1,0.0299,0.831,0.0,0.109,0.358,77.957,254521,4
Blessed,0LHK3azcoAZxWZBhNd2BLo,Daniel Caesar,20wkVLutqVOYrc0kxFs7rA,We Find Love - Single,35,0,False,0.457,0.269,11,-11.949,1,0.0382,0.821,2.64e-06,0.105,0.444,116.947,240247,1
Dos Mundos,4ytKq6A16pvpQG45qSxoIZ,Phil Collins,4lxfqrEsLX6N1N4OCSkILp,Tarzan - Banda Sonora Original,51,0,False,0.674,0.648,8,-11.203,1,0.058,0.203,0.00935,0.0371,0.412,109.886,200787,4
En Mi Corazón Estarás,4OIp3u67j4xFlsTRlDmpKf,Phil Collins,4lxfqrEsLX6N1N4OCSkILp,Tarzan - Banda Sonora Original,59,0,False,0.437,0.106,4,-17.042,1,0.0334,0.812,0.0,0.117,0.288,97.318,99107,4
Hijo de Hombre,52lhNRar6eRdHwcO4u5KkY,Phil Collins,4lxfqrEsLX6N1N4OCSkILp,Tarzan - Banda Sonora Original,58,0,False,0.67,0.791,11,-6.591,0,0.0441,0.152,1.29e-05,0.362,0.678,141.57,166040,4
Desbaratando el Campamento,2r0Et2XlXNyPpKKvbeR9Iw,Heike Makatsch,11464MZBWmYGCV5iA8KKRE,Tarzan - Banda Sonora Original,43,1,False,0.744,0.619,6,-8.814,1,0.12,0.0618,0.00688,0.527,0.587,96.968,137827,4
Lo Extrano que Soy,1YrKHg6mIS9yYCpt1TH792,Phil Collins,4lxfqrEsLX6N1N4OCSkILp,Tarzan - Banda Sonora Original,52,0,False,0.693,0.726,3,-6.6,1,0.0492,0.224,1.51e-06,0.132,0.585,119.679,182067,4
Dos Mundos- Reprise,4x0EGgMPWFo7pRcEguQ1yg,Phil Collins,4lxfqrEsLX6N1N4OCSkILp,Tarzan - Banda Sonora Original,35,0,False,0.576,0.721,7,-11.355,1,0.072,0.205,0.166,0.0933,0.0604,109.997,52240,4
"You'll Be In My Heart - From ""Tarzan""/Soundtrack Version",6kvnSiMBa65Nz29g2TYmyW,Phil Collins,4lxfqrEsLX6N1N4OCSkILp,Tarzan - Banda Sonora Original,42,0,False,0.569,0.744,8,-6.48,1,0.0298,0.0559,3.02e-06,0.0915,0.655,96.599,258400,4
"Trashin' The Camp - From ""Tarzan""/Soundtrack Version",0ZtBhi59lpoOk7ZxIkR1JD,Phil Collins,4lxfqrEsLX6N1N4OCSkILp,Tarzan - Banda Sonora Original,42,0,False,0.741,0.557,4,-10.509,1,0.408,0.34,0.0,0.315,0.798,99.237,144760,4
"Strangers Like Me - From ""Tarzan""/Soundtrack Version",3mmi9qWiD7wt9yIq8fmw1Q,Phil Collins,4lxfqrEsLX6N1N4OCSkILp,Tarzan - Banda Sonora Original,37,0,False,0.589,0.804,8,-6.124,1,0.0407,0.167,0.00116,0.268,0.561,120.948,180587,4
"Son of Man - From ""Tarzan""/Soundtrack Version",0PCpQRd0hMAWjBLOmJdR7X,Phil Collins,4lxfqrEsLX6N1N4OCSkILp,Tarzan - Banda Sonora Original,54,0,False,0.48,0.882,2,-5.068,1,0.0407,0.0228,0.00022,0.152,0.717,141.724,166040,4
"Two Worlds - From ""Tarzan""/Radio Version",0iIl3MuaddqIRpP93mDKxw,Phil Collins,4lxfqrEsLX6N1N4OCSkILp,Tarzan - Banda Sonora Original,42,0,False,0.666,0.869,5,-8.71,0,0.0598,0.391,0.000979,0.107,0.42,110.032,162467,4
"A Wondrous Place - From ""Tarzan""/Score",2nknN89cAP0pGc0wVV1rhf,Mark Mancina,4pVaQcaBqbvk0ucB4r65e3,Tarzan - Banda Sonora Original,38,0,False,0.147,0.117,5,-16.662,1,0.0428,0.851,0.876,0.098,0.0395,83.175,318400,4
"Moves Like an Ape, Looks Like a Man - From ""Tarzan""/Score",2bSwxJHkOmDIOsjGTAPLMk,Mark Mancina,4pVaQcaBqbvk0ucB4r65e3,Tarzan - Banda Sonora Original,34,0,False,0.297,0.121,10,-19.689,0,0.0366,0.83,0.44,0.105,0.0991,140.489,177067,3
"The Gorillas - From ""Tarzan""/Score",2KCCfQM6OaB7T1Q1DoaGrc,Mark Mancina,4pVaQcaBqbvk0ucB4r65e3,Tarzan - Banda Sonora Original,30,0,False,0.303,0.406,10,-10.446,0,0.0416,0.155,0.715,0.0988,0.0388,117.162,268423,1
"One Family - From ""Tarzan""/Score",6bEwXNsFspvKjmOjLiVbCQ,Mark Mancina,4pVaQcaBqbvk0ucB4r65e3,Tarzan - Banda Sonora Original,42,1,False,0.197,0.0462,10,-24.065,0,0.0321,0.897,0.912,0.115,0.0376,79.971,228066,4
Dos Mundos- Finale,33IHFSyhq2YNk2seeawgB9,Phil Collins,4lxfqrEsLX6N1N4OCSkILp,Tarzan - Banda Sonora Original,33,0,False,0.634,0.52,5,-9.802,1,0.0479,0.349,0.00837,0.0893,0.173,116.072,76067,4
Spectre,4Nwrh5BlZ8I31znYQULS7G,Radiohead,4Z8W4fKeB5YxbusRsdQVPb,Spectre,58,0,False,0.252,0.451,11,-8.798,0,0.0278,0.557,0.866,0.108,0.104,97.652,199334,3
I'm In,0uVt1UqcssBjFCQogJCkoz,a-ha,2jzc5TC5TVFLXQlBNiIUzE,I'm In,38,0,False,0.486,0.55,11,-8.223,1,0.0256,0.315,0.000502,0.285,0.177,98.915,305907,4
I Know (feat. Tenille Townes & Bryce Vine),5DU3wahsCBJ6kkyDBYpIRN,Train,3FUY2gzHeIiaesXtOAdB7A,I Know (feat. Tenille Townes & Bryce Vine),46,0,False,0.682,0.789,1,-5.801,1,0.0411,0.0902,0.0,0.379,0.842,151.974,183578,4
"More of Me - From ""Tangled: Before Ever After""",5abIQwl4xFlyqjiK0Qb0jn,Natasha Bedingfield,7o95ZoZt5ZYn31e9z1Hc0a,"More of Me (From ""Tangled: Before Ever After"")",25,0,False,0.688,0.736,6,-5.058,1,0.0444,0.118,0.0,0.166,0.709,96.995,183040,4
Caution - Dave Audé Remix,5hBaYRaXKhCuYnXI5Zw6qv,The Killers,0C0XlULifJtAgn6ZNCW2eu,Caution (Dave Audé Remix),23,0,False,0.653,0.816,7,-5.488,1,0.036,0.00673,2.47e-05,0.214,0.684,105.931,170523,4
Happy,7dgnKNBJzEMezR4wzhPAbQ,Mitski,2uYWxilOVlUdk4oV9DvwqK,Puberty 2,56,0,False,0.598,0.509,4,-10.861,1,0.0371,0.159,0.00227,0.108,0.04,106.977,220250,4
Dan the Dancer,11UOOhOsF9Ki1nvEC3PZ37,Mitski,2uYWxilOVlUdk4oV9DvwqK,Puberty 2,55,0,False,0.407,0.689,8,-8.146,1,0.0401,0.000161,0.243,0.503,0.648,74.783,145504,3
Once More to See You,3NE5nGm06kB8QQbQqJaOke,Mitski,2uYWxilOVlUdk4oV9DvwqK,Puberty 2,71,0,False,0.542,0.411,9,-13.653,1,0.0415,0.164,0.0128,0.103,0.348,92.969,180999,4
Fireworks,17o747C5ZZ3UnAg0zNBjOW,Mitski,2uYWxilOVlUdk4oV9DvwqK,Puberty 2,60,0,False,0.332,0.307,7,-11.231,1,0.0359,0.000828,0.00022,0.0976,0.159,76.583,157983,4
Your Best American Girl,7g5qe8VITjr13RIe8uM2p6,Mitski,2uYWxilOVlUdk4oV9DvwqK,Puberty 2,69,0,False,0.362,0.258,7,-9.655,1,0.0315,0.0165,0.00714,0.231,0.133,77.021,212184,4
I Bet on Losing Dogs,2Co0IjcLTSHMtodwD4gzfg,Mitski,2uYWxilOVlUdk4oV9DvwqK,Puberty 2,82,1,False,0.398,0.493,9,-9.561,1,0.0303,0.00347,0.000157,0.106,0.412,82.048,170240,4
My Body's Made of Crushed Little Stars,00ZprREYIexO3pgJlPgPau,Mitski,2uYWxilOVlUdk4oV9DvwqK,Puberty 2,59,0,False,0.199,0.746,7,-8.234,1,0.0648,2.14e-05,5e-05,0.471,0.328,82.348,116743,4
Thursday Girl,1YNjTgShk6yakFD4SSVAkl,Mitski,2uYWxilOVlUdk4oV9DvwqK,Puberty 2,55,0,False,0.459,0.403,1,-13.104,1,0.0353,0.23,0.00196,0.107,0.0512,135.943,188306,4
A Loving Feeling,5usQET86kxSpLdk7iCP1pw,Mitski,2uYWxilOVlUdk4oV9DvwqK,Puberty 2,58,0,False,0.316,0.76,9,-8.69,1,0.0564,1.35e-05,7.38e-05,0.166,0.337,147.212,92090,4
Crack Baby,0I0MPzbmzsjpttpkqWgNyx,Mitski,2uYWxilOVlUdk4oV9DvwqK,Puberty 2,67,0,False,0.181,0.553,6,-11.913,1,0.0459,0.000807,0.249,0.0759,0.057,63.608,292032,4
A Burning Hill,6gz3orrUlKresI8GShSkdq,Mitski,2uYWxilOVlUdk4oV9DvwqK,Puberty 2,64,0,False,0.462,0.191,2,-14.993,1,0.0374,0.77,0.00264,0.107,0.0996,132.034,109628,1
"Rebel Music (3 O'Clock Roadblock) - Live At The Rainbow Theatre, London / June 2, 1977",6A0CiLddvBIPa4CXSyfCqH,Bob Marley & The Wailers,2QsynagSdAqZj3U9HgDzjD,"Live At The Rainbow, 2nd June 1977",21,0,False,0.548,0.675,6,-9.025,0,0.249,0.591,0.0727,0.973,0.836,159.929,346268,4
"Burnin' And Lootin' - Live At The Rainbow Theatre, London / June 2, 1977",73gFkkTZ4ZR5qsy35aHB6B,Bob Marley & The Wailers,2QsynagSdAqZj3U9HgDzjD,"Live At The Rainbow, 2nd June 1977",21,0,False,0.595,0.557,4,-9.392,0,0.232,0.256,0.0219,0.764,0.753,144.62,311589,4
"Them Belly Full (But We Hungry) - Live At The Rainbow Theatre, London / June 2, 1977",153QDxnpG53zoCdoX4PTk7,Bob Marley & The Wailers,2QsynagSdAqZj3U9HgDzjD,"Live At The Rainbow, 2nd June 1977",21,0,False,0.609,0.764,9,-8.489,0,0.323,0.452,0.0138,0.656,0.77,149.218,209119,4
"The Heathen - Live At The Rainbow Theatre, London / June 2, 1977",6I5yFSCPIfD5NBmqkjav2k,Bob Marley & The Wailers,2QsynagSdAqZj3U9HgDzjD,"Live At The Rainbow, 2nd June 1977",21,0,False,0.681,0.475,4,-9.897,0,0.164,0.242,0.00417,0.949,0.481,142.64,297219,4
"I Shot The Sheriff - Live At The Rainbow Theatre, London / June 2, 1977",7u6JFI66gsMOtfsFazIfV4,Bob Marley & The Wailers,2QsynagSdAqZj3U9HgDzjD,"Live At The Rainbow, 2nd June 1977",20,0,False,0.608,0.711,6,-9.655,0,0.111,0.381,0.0178,0.696,0.845,79.224,285918,4
"Crazy Baldhead / Running Away - Medley / Live At The Rainbow Theatre, London / June 2, 1977",3SMBRXGOfF9SSEtVGLoNE2,Bob Marley & The Wailers,2QsynagSdAqZj3U9HgDzjD,"Live At The Rainbow, 2nd June 1977",21,0,False,0.635,0.611,6,-11.002,0,0.327,0.289,0.000632,0.676,0.793,130.164,364920,4
"War / No More Trouble - Medley / Live At The Rainbow Theatre, London / June 2, 1977",1WEikSm55ZoYkaU9iNGxsQ,Bob Marley & The Wailers,2QsynagSdAqZj3U9HgDzjD,"Live At The Rainbow, 2nd June 1977",47,0,False,0.513,0.708,4,-9.384,0,0.405,0.164,8.39e-05,0.685,0.632,67.93,463601,3
"No Woman, No Cry - Live At The Rainbow Theatre, London / June 2, 1977",49ymRAwM3sTkxvj4JUtnHU,Bob Marley & The Wailers,2QsynagSdAqZj3U9HgDzjD,"Live At The Rainbow, 2nd June 1977",21,0,False,0.547,0.518,0,-10.159,1,0.0798,0.388,0.00239,0.984,0.435,146.054,473492,4
"Lively Up Yourself - Live At The Rainbow Theatre, London / June 2, 1977",4O18AHaHeodX3nRRwlhTWD,Bob Marley & The Wailers,2QsynagSdAqZj3U9HgDzjD,"Live At The Rainbow, 2nd June 1977",20,0,False,0.58,0.87,7,-7.928,1,0.12,0.126,0.019,0.978,0.654,77.983,580657,4
"Jamming - Live At The Rainbow Theatre, London / June 2, 1977",0CYaR31WMsU2gJ3XrcM1ni,Bob Marley & The Wailers,2QsynagSdAqZj3U9HgDzjD,"Live At The Rainbow, 2nd June 1977",27,0,False,0.77,0.655,7,-9.4,1,0.0886,0.444,0.0788,0.538,0.566,131.897,425809,4
"Get Up, Stand Up - Live At The Rainbow Theatre, London / June 2, 1977",2Wqvk8YuFsNsbWiXgR8RGG,Bob Marley & The Wailers,2QsynagSdAqZj3U9HgDzjD,"Live At The Rainbow, 2nd June 1977",18,0,False,0.597,0.639,4,-9.858,0,0.225,0.25,3.88e-05,0.486,0.535,80.038,446251,4
"Exodus - Live At The Rainbow Theatre, London / June 2, 1977",4yM9k7x7fMp9XsY90PhR9q,Bob Marley & The Wailers,2QsynagSdAqZj3U9HgDzjD,"Live At The Rainbow, 2nd June 1977",18,0,False,0.74,0.797,11,-8.543,1,0.0548,0.116,0.00286,0.717,0.594,146.493,775448,4
NO PIENSO LLAMAR,3xE3TyeIxL24IstPdy5IBv,Soge Culebra,2SNfNJDsahTSVFwgxposF5,NO PIENSO LLAMAR,58,0,False,0.679,0.556,10,-5.299,1,0.148,0.181,0.0,0.108,0.583,169.997,198353,4
THE ROOF IS ON FIRE,6wZJCPyhix2WOglxGWlIfb,Trueno,2x7PC78TmgqpEIjaGAZ0Oz,THE ROOF IS ON FIRE,56,0,True,0.836,0.729,1,-3.413,0,0.0746,0.587,7.09e-06,0.175,0.703,107.974,112332,4
Tonight (I'm Fuckin' You),3nMb7ToWIxYvmaIG20z6ux,Enrique Iglesias,7qG3b048QCHVRO5Pv1T5lw,Euphoria,63,0,True,0.648,0.89,0,-3.982,0,0.0523,0.0294,3.58e-06,0.116,0.321,125.953,232213,4
I Like It,7HacCTm33hZYYN8DXpCYuG,Enrique Iglesias,7qG3b048QCHVRO5Pv1T5lw,Euphoria,66,0,False,0.648,0.942,10,-2.881,0,0.0878,0.021,0.0,0.0594,0.73,129.007,231373,4
One Day At A Time,79CrQdjjiIDmHiz2dPf6zI,Enrique Iglesias,7qG3b048QCHVRO5Pv1T5lw,Euphoria,43,0,False,0.655,0.75,9,-4.506,1,0.0363,0.0188,0.0,0.091,0.661,89.014,244973,4
Heartbeat,6GREIx79VAYuT0DYDGTIJh,Enrique Iglesias,7qG3b048QCHVRO5Pv1T5lw,Euphoria,56,0,False,0.567,0.888,10,-3.201,1,0.0993,0.0228,0.0,0.279,0.41,129.962,256227,4
Dirty Dancer,2WOg6FT27iLtN8wetk69nP,Enrique Iglesias,7qG3b048QCHVRO5Pv1T5lw,Euphoria,51,0,False,0.651,0.939,11,-3.606,1,0.0774,0.00604,0.0,0.139,0.733,133.05,214453,4
Why Not Me?,1YnRzw2S56QR16zhKZJMiv,Enrique Iglesias,7qG3b048QCHVRO5Pv1T5lw,Euphoria,51,0,False,0.715,0.534,7,-6.534,1,0.0414,0.496,0.0,0.117,0.341,99.007,219360,4
No Me Digas Que No,2A2U1QnZHSPriVFOxS6oZM,Enrique Iglesias,7qG3b048QCHVRO5Pv1T5lw,Euphoria,54,0,False,0.734,0.751,9,-2.725,1,0.0415,0.195,0.0,0.0861,0.69,125.039,270173,4
Ayer,7vPhS66JQeI0grgyByCBCH,Enrique Iglesias,7qG3b048QCHVRO5Pv1T5lw,Euphoria,48,0,False,0.598,0.85,7,-4.5,1,0.0441,0.0616,1.33e-06,0.141,0.696,70.043,213720,4
Cuando Me Enamoro,4PHX6bpHDxiR9RGzAKWcyk,Enrique Iglesias,7qG3b048QCHVRO5Pv1T5lw,Euphoria,72,0,False,0.82,0.813,1,-3.646,1,0.0268,0.0106,4.84e-05,0.0893,0.893,126.026,200587,4
Dile Que,7uSmwldEpCtl9WhFEiH3RG,Enrique Iglesias,7qG3b048QCHVRO5Pv1T5lw,Euphoria,35,0,False,0.565,0.603,10,-4.585,1,0.0247,0.47,0.0,0.0796,0.362,84.002,221067,4
Tu Y Yo,7ncRy35NIlwfEyPytMu2DX,Enrique Iglesias,7qG3b048QCHVRO5Pv1T5lw,Euphoria,36,0,False,0.74,0.834,0,-4.569,1,0.0249,0.000137,0.000824,0.18,0.792,120.022,241067,4
Heartbreaker,3bzf0pu3BxYH1fy87AkwQL,Enrique Iglesias,7qG3b048QCHVRO5Pv1T5lw,Euphoria,34,0,False,0.644,0.733,11,-4.559,0,0.0571,0.139,2.42e-05,0.063,0.385,130.03,245067,4
Coming Home,6dGJDgAdye76m0tWJJWdOc,Enrique Iglesias,7qG3b048QCHVRO5Pv1T5lw,Euphoria,31,0,False,0.542,0.481,10,-5.529,0,0.0243,0.476,3.83e-06,0.108,0.167,76.008,238720,4
Everything's Gonna Be Alright,3OkEyMQv9US4n6rggWOkCA,Enrique Iglesias,7qG3b048QCHVRO5Pv1T5lw,Euphoria,33,0,False,0.617,0.943,1,-2.661,1,0.0451,0.00955,0.0,0.142,0.616,125.074,227613,4
No Me Digas Que No,2MDi2voBc7ppcJSUtMghqW,Enrique Iglesias,7qG3b048QCHVRO5Pv1T5lw,Euphoria,32,0,False,0.78,0.886,9,-2.71,1,0.0757,0.0478,0.0,0.066,0.821,134.05,246307,4
Tonight (I'm Lovin' You),79R98MwYRcQZdAzjjzUbiX,Enrique Iglesias,7qG3b048QCHVRO5Pv1T5lw,Euphoria,51,0,False,0.651,0.884,0,-3.986,0,0.0533,0.0242,5.36e-06,0.202,0.285,125.941,231293,4
I Like It - Cahill Club Remix edit,53FvD7EYQpbj8dpH5AzzBq,Enrique Iglesias,7qG3b048QCHVRO5Pv1T5lw,Euphoria,32,0,False,0.604,0.959,10,-3.447,0,0.04,0.000539,0.0177,0.35,0.808,129.03,220400,4
Heartbeat - Glam As You Radio Mix By Guena LG,6E2jZaBZ9A4zzeoYHMcRey,Enrique Iglesias,7qG3b048QCHVRO5Pv1T5lw,Euphoria,29,0,False,0.647,0.971,5,-2.981,1,0.0589,0.00489,0.0187,0.327,0.639,132.01,244413,4
Sorry Not Sorry,0yvPEnB032fojLfVluFjUv,Demi Lovato,6S2OmqARrzebs0tKUEyXyp,Tell Me You Love Me,72,1,True,0.705,0.643,11,-6.929,0,0.232,0.0242,0.0,0.262,0.884,143.944,203760,4
Tell Me You Love Me,21RCuMVSlblTmyYm2DnPCR,Demi Lovato,6S2OmqARrzebs0tKUEyXyp,Tell Me You Love Me,58,0,False,0.539,0.6,6,-5.465,1,0.0448,0.0255,0.0,0.147,0.259,82.025,236987,4
Sexy Dirty Love,5TMNeiiTMGnj3IT9CYGkg7,Demi Lovato,6S2OmqARrzebs0tKUEyXyp,Tell Me You Love Me,42,0,False,0.52,0.748,11,-4.448,0,0.258,0.000965,2.33e-05,0.0545,0.832,104.484,213173,4
You Don't Do It For Me Anymore,3wfsYdyzcQErCGQ9kGMglS,Demi Lovato,6S2OmqARrzebs0tKUEyXyp,Tell Me You Love Me,47,0,False,0.565,0.44,5,-6.359,0,0.0466,0.0977,0.0,0.0783,0.12,127.868,197720,3
Daddy Issues,2PFMuPLfNUm9ICFOcv1MhC,Demi Lovato,6S2OmqARrzebs0tKUEyXyp,Tell Me You Love Me,42,0,True,0.614,0.772,9,-6.811,1,0.0802,0.0194,1.49e-06,0.243,0.243,100.018,189933,4
Ruin The Friendship,6VcOObtzWB2dopP4dC8G6x,Demi Lovato,6S2OmqARrzebs0tKUEyXyp,Tell Me You Love Me,42,0,True,0.776,0.469,8,-6.843,0,0.283,0.129,2.23e-05,0.106,0.536,77.981,233893,4
Only Forever,2hjFRhrIPUwQWP2biig0sX,Demi Lovato,6S2OmqARrzebs0tKUEyXyp,Tell Me You Love Me,41,0,False,0.304,0.524,8,-6.121,0,0.0709,0.324,3.99e-06,0.12,0.287,77.783,197480,4
Lonely,3zxLNqZoSbSr8V5emGDIU4,Demi Lovato,6S2OmqARrzebs0tKUEyXyp,Tell Me You Love Me,45,0,True,0.705,0.348,11,-7.943,0,0.129,0.499,0.0,0.087,0.369,90.127,281880,4
Cry Baby,2tB9TgViGOAmhkCQ3DUkfw,Demi Lovato,6S2OmqARrzebs0tKUEyXyp,Tell Me You Love Me,41,0,True,0.325,0.65,3,-4.613,1,0.0428,0.642,0.0,0.064,0.0967,100.818,222747,4
Games,1OAhS3Bmd0UxUob5ENWsIq,Demi Lovato,6S2OmqARrzebs0tKUEyXyp,Tell Me You Love Me,40,0,True,0.434,0.77,2,-6.813,1,0.197,0.00132,0.0,0.0659,0.263,130.875,188413,4
Concentrate,0xsPVP5ghcuBD90Gvwb2iI,Demi Lovato,6S2OmqARrzebs0tKUEyXyp,Tell Me You Love Me,38,0,False,0.677,0.435,2,-6.38,1,0.118,0.578,0.0,0.135,0.438,127.746,197600,4
Hitchhiker,7o4K9q9MXhBpG8mP8OxYey,Demi Lovato,6S2OmqARrzebs0tKUEyXyp,Tell Me You Love Me,39,0,False,0.69,0.41,2,-5.957,1,0.0642,0.341,5.96e-06,0.115,0.553,131.915,223533,4
Prayer in C - Paul Kalkbrenner Remix,7xavr5xmO2aoHfKDWNHtiK,Lilly Wood and The Prick,50OApTJurDusIo9dGTqSU4,Prayer in C (Paul Kalkbrenner Remix),55,1,False,0.792,0.586,4,-10.382,0,0.0455,0.323,0.492,0.359,0.348,132.998,219927,4
Brandenburg Gate,3UqG4RqBe5fsjqDu2iBZK2,Lou Reed,42TFhl7WlMRXiNqzSrnzPL,Lulu,20,0,False,0.334,0.779,0,-3.981,1,0.0508,0.0233,0.0,0.168,0.282,122.705,259720,4
The View,77o1A0eBvU3UfC8u4GG8XT,Lou Reed,42TFhl7WlMRXiNqzSrnzPL,Lulu,21,0,False,0.252,0.919,7,-2.949,0,0.0701,0.000338,0.0,0.107,0.3,74.158,317467,4
Pumping Blood,1yDaWE3SArHmIl8khKAWd7,Lou Reed,42TFhl7WlMRXiNqzSrnzPL,Lulu,17,0,False,0.328,0.902,9,-5.125,1,0.132,0.00533,3.88e-05,0.152,0.271,135.223,444133,4
Mistress Dread,5NSSeFthY3wqM8gsen1gWL,Lou Reed,42TFhl7WlMRXiNqzSrnzPL,Lulu,17,0,False,0.259,0.978,7,-4.611,1,0.102,0.000221,0.00632,0.177,0.0488,102.939,411493,4
Iced Honey,0vtI6MH88W7sia4QfxYsXh,Lou Reed,42TFhl7WlMRXiNqzSrnzPL,Lulu,16,0,False,0.417,0.912,0,-3.475,1,0.0645,0.00561,0.0,0.0957,0.43,116.098,275947,4
Cheat on Me,2xFILWNlp8tKNKVpCXjWKA,Lou Reed,42TFhl7WlMRXiNqzSrnzPL,Lulu,14,0,False,0.352,0.715,9,-5.552,0,0.0465,0.0089,0.00215,0.128,0.0421,103.433,686267,4
Frustration,1JNbkaRDu7tDxxtTX1Ij5U,Lou Reed,42TFhl7WlMRXiNqzSrnzPL,Lulu,17,0,False,0.309,0.742,7,-5.274,1,0.116,0.00106,0.0427,0.135,0.152,173.88,513973,4
Little Dog,3tdBx6sRWZgnniLrz7ZVms,Lou Reed,42TFhl7WlMRXiNqzSrnzPL,Lulu,13,0,False,0.393,0.192,9,-17.568,0,0.035,0.845,0.0256,0.112,0.161,116.367,481680,4
Dragon,5ZrehhPyYi7KgzUCYiaEFC,Lou Reed,42TFhl7WlMRXiNqzSrnzPL,Lulu,13,0,False,0.374,0.91,2,-4.993,1,0.121,0.00576,0.000143,0.142,0.0999,121.713,668173,4
Junior Dad,2zg2zQsXs0o6hCH9MTkZzw,Lou Reed,42TFhl7WlMRXiNqzSrnzPL,Lulu,17,0,False,0.253,0.248,0,-9.062,1,0.0355,0.0196,0.597,0.111,0.0698,112.217,1168907,4
My Kind Of Present,2rkb8ijsPapKDMEh0cSe8I,Meghan Trainor,6JL8zeS1NmiOftqZTRgdTz,A Very Trainor Christmas,36,0,False,0.485,0.444,1,-6.232,1,0.195,0.373,2.5e-06,0.0969,0.777,179.967,161013,3
It's Beginning To Look A Lot Like Christmas,0COCpSTVUcD6UJI7vzqKJo,Meghan Trainor,6JL8zeS1NmiOftqZTRgdTz,A Very Trainor Christmas,26,0,False,0.642,0.688,3,-5.757,1,0.0343,0.148,3.94e-05,0.307,0.529,114.965,128107,4
I Believe In Santa,1NgLQouxQqWVA2oQdr0Ze0,Meghan Trainor,6JL8zeS1NmiOftqZTRgdTz,A Very Trainor Christmas,24,0,False,0.678,0.688,6,-5.476,0,0.185,0.13,0.000282,0.332,0.607,139.973,158267,4
Last Christmas,5ryjlKuQ1J5cACtZ7BdZ9z,Meghan Trainor,6JL8zeS1NmiOftqZTRgdTz,A Very Trainor Christmas,30,0,False,0.664,0.783,8,-5.157,1,0.0343,0.00407,0.00373,0.554,0.65,111.97,243840,4
"Holidays (feat. Earth, Wind & Fire)",0Yeh2VJCsxSgbftSGTiUbN,Meghan Trainor,6JL8zeS1NmiOftqZTRgdTz,A Very Trainor Christmas,31,0,False,0.7,0.884,2,-3.988,0,0.177,0.00841,0.0,0.101,0.852,131.977,165333,4
Christmas Party,3TiXc9kX7o4juE7ZrZS8uk,Meghan Trainor,6JL8zeS1NmiOftqZTRgdTz,A Very Trainor Christmas,23,0,False,0.771,0.505,7,-5.128,0,0.0297,0.184,0.0,0.147,0.717,100.03,175853,4
Winter Wonderland,0bfM3OhwHsqIJqF6m04En3,Meghan Trainor,6JL8zeS1NmiOftqZTRgdTz,A Very Trainor Christmas,20,0,False,0.461,0.364,7,-8.716,1,0.0314,0.843,2.63e-05,0.717,0.681,107.843,138253,4
White Christmas (feat. Seth MacFarlane),131tJWiJUaF6SzeCnVH82S,Meghan Trainor,6JL8zeS1NmiOftqZTRgdTz,A Very Trainor Christmas,21,0,False,0.609,0.603,9,-8.175,1,0.0589,0.2,3.36e-06,0.182,0.364,127.205,181653,4
Holly Jolly Christmas,4P8LrhXlGXRqH6fU5lTquX,Meghan Trainor,6JL8zeS1NmiOftqZTRgdTz,A Very Trainor Christmas,24,0,False,0.601,0.584,5,-6.844,1,0.0289,0.0701,0.0,0.316,0.573,76.069,105307,4
Christmas Got Me Blue,29kJi1YtkZi4uyyDdvakib,Meghan Trainor,6JL8zeS1NmiOftqZTRgdTz,A Very Trainor Christmas,18,0,False,0.578,0.621,1,-5.351,0,0.0595,0.0331,9.77e-06,0.168,0.204,138.912,213347,4
Sleigh Ride,3AozpoSy1ciXydI6sUyum4,Meghan Trainor,6JL8zeS1NmiOftqZTRgdTz,A Very Trainor Christmas,19,0,False,0.421,0.715,5,-5.167,0,0.0696,0.052,0.0,0.148,0.51,165.56,228613,4
My Only Wish,39EJLtM4E7aSBs9maOjCxb,Meghan Trainor,6JL8zeS1NmiOftqZTRgdTz,A Very Trainor Christmas,20,0,False,0.5,0.534,0,-6.333,1,0.177,0.136,0.0,0.0827,0.643,146.371,242480,4
The Christmas Song,3W38n1o6BQXKl68tMqI31E,Meghan Trainor,6JL8zeS1NmiOftqZTRgdTz,A Very Trainor Christmas,15,0,False,0.387,0.34,11,-10.447,0,0.0283,0.77,5.48e-05,0.143,0.287,84.168,215893,4
"Rudolph The Red-Nosed Reindeer (feat. Jayden Toney, Jenna Toney & Marcus Toney)",28ojjJXwaVyOM8aOVbVESr,Meghan Trainor,6JL8zeS1NmiOftqZTRgdTz,A Very Trainor Christmas,23,0,False,0.588,0.63,8,-4.957,1,0.0357,0.0467,0.0,0.109,0.76,144.906,150747,4
Naughty List,5iGw5PJKukFN1YMj3Ls2rm,Meghan Trainor,6JL8zeS1NmiOftqZTRgdTz,A Very Trainor Christmas,21,0,False,0.698,0.7,10,-5.808,1,0.118,0.128,0.0001,0.0643,0.842,99.972,157213,4
Have Yourself A Merry Little Christmas (feat. Gary Trainor),4EexfWit2uBfBHKmlZEO3v,Meghan Trainor,6JL8zeS1NmiOftqZTRgdTz,A Very Trainor Christmas,15,0,False,0.4,0.224,7,-9.412,1,0.0318,0.932,4.53e-05,0.124,0.326,140.93,228240,4
I'll Be Home,0YupMLYOYz6lZDbN3kRt7A,Meghan Trainor,6JL8zeS1NmiOftqZTRgdTz,A Very Trainor Christmas,37,0,False,0.557,0.366,2,-7.744,1,0.0255,0.271,9.16e-06,0.104,0.304,84.829,219720,4
Silent Night,6EtpTZWS3z4jpBDcJ0bmGu,Meghan Trainor,6JL8zeS1NmiOftqZTRgdTz,A Very Trainor Christmas,16,0,False,0.303,0.261,7,-7.631,1,0.0281,0.792,0.000118,0.166,0.12,101.412,165640,4
Remember The Times,2ZDaMPDvDz6bPkZtMwZFku,Kodak Black,46SHBwWsqBkxI7EeeBEQG7,Bill Israel,38,0,True,0.779,0.706,11,-3.557,0,0.0528,0.146,0.0,0.346,0.0901,135.008,203892,4
I Wanna Live,5eHbNMZ45Jku4GBADsUQGx,Kodak Black,46SHBwWsqBkxI7EeeBEQG7,Bill Israel,41,0,True,0.762,0.825,10,-4.692,1,0.231,0.0381,0.0,0.329,0.563,173.939,112813,4
"Eeny, Meeny, Miny, Moe",1stxfmSEhZSBiSs6g8An4D,Kodak Black,46SHBwWsqBkxI7EeeBEQG7,Bill Israel,37,0,True,0.855,0.635,2,-5.883,1,0.162,0.101,0.0,0.234,0.503,129.916,219596,4
Spain (feat. Tory Lanez and Jackboy),4UM5mQPf6WKvmlSa1UwFrR,Kodak Black,46SHBwWsqBkxI7EeeBEQG7,Bill Israel,36,0,True,0.882,0.644,5,-7.721,1,0.117,0.0306,0.0,0.0956,0.155,133.031,285531,4
The Fire,5tmUTxxg72j4VPO5uJG5P0,Kodak Black,46SHBwWsqBkxI7EeeBEQG7,Bill Israel,29,0,True,0.791,0.716,9,-5.441,0,0.103,0.322,4.98e-06,0.116,0.0663,133.026,158797,4
Pimpin Ain't Eazy,67Sr4xrGip66CqSOD7fGfO,Kodak Black,46SHBwWsqBkxI7EeeBEQG7,Bill Israel,52,0,True,0.644,0.501,0,-8.959,1,0.491,0.311,0.0,0.106,0.173,129.828,177000,4
I Knew It (feat. Gucci Mane & CBE),4mr0vRAzsQmWE9oTTfkme2,Kodak Black,46SHBwWsqBkxI7EeeBEQG7,Bill Israel,33,0,True,0.63,0.77,7,-5.322,1,0.283,0.145,0.0,0.105,0.332,172.007,133645,4
Feeling Myself Today,5dABkHkvA7ud5nmDUArJ4r,Kodak Black,46SHBwWsqBkxI7EeeBEQG7,Bill Israel,39,0,True,0.873,0.497,7,-7.145,1,0.0899,0.0369,0.0324,0.119,0.746,145.013,188075,4
Serene,1qlws3Bwvo2AFYG9Ez6OCQ,Kodak Black,46SHBwWsqBkxI7EeeBEQG7,Bill Israel,34,0,True,0.828,0.564,6,-5.861,0,0.065,0.309,0.0,0.0763,0.463,124.965,215040,4
Make A Hit (feat. Lil Yachty),6EjbqmKlrYawjNB9BTccbh,Kodak Black,46SHBwWsqBkxI7EeeBEQG7,Bill Israel,37,0,True,0.745,0.591,1,-5.928,1,0.189,0.0235,0.0,0.12,0.456,154.014,211948,4
Dummy Green,1MaxVzDPZTgbP7HCuJZew1,Kodak Black,46SHBwWsqBkxI7EeeBEQG7,Bill Israel,33,0,True,0.829,0.439,10,-10.35,0,0.226,0.473,0.0,0.5,0.541,133.929,128955,4
Happy Hour,5EOKcXIGehKOLu1pRePYc4,Mika Singh,5T2I75UlGBcWd5nVyfmL13,ABCD 2 (Original Motion Picture Soundtrack),34,0,False,0.621,0.546,7,-7.659,1,0.275,0.38,0.003,0.336,0.664,94.397,224049,4
Happy B'Day,5H0Yfo3acNXU278LqN47pA,D Soldierz,2iMLFmSsfgkQjyIg8Y6QVj,ABCD 2 (Original Motion Picture Soundtrack),38,1,False,0.723,0.8,10,-7.022,0,0.265,0.0276,0.0,0.189,0.694,74.901,185133,4
Bezubaan Phir Se,2tHSa5FhWE10ROKfC2NW5V,Madhav Krishna,7gwFyiyf28jkTxi4NJc82e,ABCD 2 (Original Motion Picture Soundtrack),48,1,False,0.491,0.616,9,-8.663,1,0.0916,0.368,0.00329,0.102,0.339,99.979,272434,4
Tattoo,5a8QSQYfM5CM4DtDmcuceI,Shefali Alvares,1Jt7JB3WIWaANzwHoybsVn,ABCD 2 (Original Motion Picture Soundtrack),41,0,False,0.821,0.732,11,-6.428,0,0.0562,0.164,0.00354,0.0792,0.476,109.975,259927,4
Hey Ganaraya,53oH4Dg77MhAb4BhaRLUzx,Divya Kumar,0NErdIJtuKBjtxKmlqaWdj,ABCD 2 (Original Motion Picture Soundtrack),46,0,False,0.507,0.933,0,-7.034,1,0.27,0.61,0.0278,0.0595,0.431,118.656,292799,4
Sun Saathiya,5a2Hoi1wuhCA6Ob7pbOlpW,Divya Kumar,0NErdIJtuKBjtxKmlqaWdj,ABCD 2 (Original Motion Picture Soundtrack),69,1,False,0.469,0.667,9,-7.795,0,0.0369,0.618,0.000141,0.141,0.266,143.978,218724,4
Chunar,6jVU0yWMU2z1LO5dsCRbEk,Arijit Singh,4YRxDV8wJFPHPTeXepOstw,ABCD 2 (Original Motion Picture Soundtrack),45,0,False,0.525,0.383,6,-10.855,1,0.0341,0.855,3.42e-05,0.175,0.267,134.879,268985,3
If You Hold My Hand,39GUPniefW3uRqXtt7Ohsb,Benny Dayal,61if35zz1W11GejEkxTLEQ,ABCD 2 (Original Motion Picture Soundtrack),38,0,False,0.721,0.615,2,-7.246,0,0.0388,0.511,0.0,0.131,0.552,95.027,213666,4
Naach Meri Jaan,1KhlcCp77jAl63rm6l65ua,Benny Dayal,61if35zz1W11GejEkxTLEQ,ABCD 2 (Original Motion Picture Soundtrack),36,0,False,0.744,0.85,9,-5.47,0,0.0493,0.162,0.000164,0.196,0.663,128.043,244090,4
Vande Mataram,41dAU2HJjGcLMERt74OSL3,Daler Mehndi,6wa1AsxB9oJP7lwNSmbcYx,ABCD 2 (Original Motion Picture Soundtrack),48,0,False,0.381,0.794,10,-8.51,1,0.407,0.388,0.0,0.069,0.194,90.023,434333,4
Bezubaan Phir Se - Reprise,4WBixBP1iGtTXKKTvyLLg4,Shraddha Kapoor,6vYL9RV6m4NECOJzbGRbbV,ABCD 2 (Original Motion Picture Soundtrack),28,0,False,0.631,0.303,9,-15.248,0,0.0475,0.565,1.22e-06,0.0841,0.181,85.004,218087,4
Stripped Intro,1bmPRwZ5BdncW5o2jcIiud,Christina Aguilera,1l7ZsJRRS8wlW3WfJfPfNS,Stripped,35,0,False,0.296,0.827,0,-6.492,1,0.0727,0.0696,3.82e-05,0.309,0.171,139.79,99653,4
Can't Hold Us Down (feat. Lil' Kim),0cv1Mnb47oMvjVKMc2cyZw,Christina Aguilera,1l7ZsJRRS8wlW3WfJfPfNS,Stripped,59,0,False,0.859,0.658,8,-4.481,1,0.192,0.0326,0.00181,0.0651,0.538,98.989,255267,4
Walk Away,7sBxoj9SBNKxVIcLiFxnwQ,Christina Aguilera,1l7ZsJRRS8wlW3WfJfPfNS,Stripped,43,0,False,0.432,0.421,4,-6.053,0,0.102,0.523,1.8e-06,0.608,0.116,152.358,347400,3
Fighter,7nXq1vaZiz7PdbfojpPjW5,Christina Aguilera,1l7ZsJRRS8wlW3WfJfPfNS,Stripped,65,1,False,0.435,0.92,4,-1.357,0,0.201,0.235,0.000353,0.552,0.45,188.899,245960,4
Primer Amor Interlude,5wlkpP8iSUYmEaEArX4eHI,Christina Aguilera,1l7ZsJRRS8wlW3WfJfPfNS,Stripped,36,0,False,0.431,0.225,1,-19.81,0,0.0999,0.737,2.09e-06,0.142,0.827,89.5,53773,4
Infatuation,1Bwq4TKxWqvSgyHZN06wId,Christina Aguilera,1l7ZsJRRS8wlW3WfJfPfNS,Stripped,45,0,False,0.676,0.812,8,-3.923,0,0.206,0.152,6.01e-06,0.0694,0.631,90.497,257773,4
Loves Embrace Interlude,1VOL1QLiMveyPUNKTLq5qs,Christina Aguilera,1l7ZsJRRS8wlW3WfJfPfNS,Stripped,34,0,False,0.296,0.201,9,-16.599,0,0.0369,0.74,0.0,0.66,0.396,128.201,46600,3
Loving Me 4 Me,3MyTEl8ZL0qKXFqyvbYsC5,Christina Aguilera,1l7ZsJRRS8wlW3WfJfPfNS,Stripped,40,0,False,0.628,0.496,8,-6.003,1,0.0492,0.174,0.0,0.106,0.203,76.655,276667,4
Impossible,4Kaxx66gshAgVCPyRzLfFo,Christina Aguilera,1l7ZsJRRS8wlW3WfJfPfNS,Stripped,43,0,False,0.658,0.438,2,-7.089,0,0.0645,0.356,2.61e-05,0.329,0.151,121.888,254493,3
Underappreciated,5WMM12xcKS134ww9lzpNV6,Christina Aguilera,1l7ZsJRRS8wlW3WfJfPfNS,Stripped,36,0,False,0.724,0.616,4,-5.827,1,0.183,0.042,0.0,0.151,0.433,85.168,240893,4
Beautiful,3TCauNPqFiniaYHBvEVoHG,Christina Aguilera,1l7ZsJRRS8wlW3WfJfPfNS,Stripped,67,1,False,0.456,0.573,5,-3.866,0,0.0275,0.578,3.05e-06,0.114,0.0992,76.19,238560,4
Make Over,6CFbjzYbRTvCvGUZm6UYH7,Christina Aguilera,1l7ZsJRRS8wlW3WfJfPfNS,Stripped,34,0,False,0.549,0.927,8,-2.496,1,0.0621,0.00132,0.0,0.362,0.605,126.434,252613,4
Cruz,0yDr111P0vlLbUPyCJWgu6,Christina Aguilera,1l7ZsJRRS8wlW3WfJfPfNS,Stripped,36,0,False,0.474,0.641,5,-4.339,1,0.0373,0.321,0.0,0.149,0.332,139.622,229547,4
Soar,0pCNNLJjW3VXiHRgrPONEr,Christina Aguilera,1l7ZsJRRS8wlW3WfJfPfNS,Stripped,37,0,False,0.413,0.779,5,-3.315,0,0.123,0.39,2.19e-06,0.353,0.271,118.497,285440,5
"Get Mine, Get Yours",1w2yeBX2MhfDvZLtaXzWhY,Christina Aguilera,1l7ZsJRRS8wlW3WfJfPfNS,Stripped,41,0,False,0.481,0.73,6,-2.43,0,0.207,0.0681,3.38e-05,0.441,0.606,175.946,224587,4
Dirrty (feat. Redman),59ZTxQo8rBycIXPLUIKvE2,Christina Aguilera,1l7ZsJRRS8wlW3WfJfPfNS,Stripped,66,1,False,0.64,0.889,2,-3.073,1,0.322,0.107,0.0,0.339,0.436,99.931,298853,4
"Stripped, Pt. 2",5YMw0G3cr5t18FuS8HHITZ,Christina Aguilera,1l7ZsJRRS8wlW3WfJfPfNS,Stripped,34,0,False,0.458,0.862,9,-5.69,1,0.275,0.0168,0.0,0.0811,0.671,69.658,45800,4
The Voice Within,42JgHvkBiAc5ivo0gvVRvQ,Christina Aguilera,1l7ZsJRRS8wlW3WfJfPfNS,Stripped,52,0,False,0.484,0.439,2,-5.995,1,0.0336,0.556,0.0,0.251,0.157,69.945,304013,4
I'm OK,44XFK2U7tW5JdQXjc4rA22,Christina Aguilera,1l7ZsJRRS8wlW3WfJfPfNS,Stripped,35,0,False,0.357,0.398,4,-5.241,0,0.0305,0.681,5.67e-06,0.33,0.233,126.588,318573,3
Keep on Singin' My Song,1wdZalpkSxp6VJSKihA9Ew,Christina Aguilera,1l7ZsJRRS8wlW3WfJfPfNS,Stripped,35,0,False,0.477,0.562,2,-4.932,1,0.0663,0.136,4.07e-05,0.322,0.0837,152.889,389747,4
E.S.P.,5QbknjhKm8RBlUHbgFhUy8,Bee Gees,1LZEQNv7sE11VDY3SdxQeN,E.S.P.,27,0,False,0.633,0.929,4,-10.031,0,0.0372,0.00522,0.0362,0.0662,0.741,136.996,334400,4
You Win Again,5mwzpzRue1SBWwrbbhXfbf,Bee Gees,1LZEQNv7sE11VDY3SdxQeN,E.S.P.,63,0,False,0.547,0.831,11,-11.298,0,0.0319,0.0874,8.34e-06,0.222,0.909,168.581,241400,4
Live Or Die (Hold Me Like A Child),7tsOusgJqXgL6dmTvASnCz,Bee Gees,1LZEQNv7sE11VDY3SdxQeN,E.S.P.,20,0,False,0.644,0.438,7,-15.148,1,0.0293,0.038,0.000584,0.0652,0.441,116.602,282827,4
Giving Up The Ghost,1eyDJNn4gO24ORbkxIJZbm,Bee Gees,1LZEQNv7sE11VDY3SdxQeN,E.S.P.,18,0,False,0.686,0.765,7,-11.642,1,0.0386,0.0225,0.172,0.0955,0.859,113.027,266067,4
The Longest Night,2thbIEUShgjcbiw02FIXpg,Bee Gees,1LZEQNv7sE11VDY3SdxQeN,E.S.P.,29,0,False,0.702,0.502,7,-15.773,0,0.0245,0.0555,1.75e-05,0.0448,0.958,101.355,347973,4
This Is Your Life,2etYnt59j2EZ4oX4rb4HAo,Bee Gees,1LZEQNv7sE11VDY3SdxQeN,E.S.P.,15,0,False,0.649,0.861,0,-12.141,1,0.0464,0.0206,0.0617,0.0905,0.707,124.155,293693,4
Angela,04FxJMytUCnFDdpMytwLvE,Bee Gees,1LZEQNv7sE11VDY3SdxQeN,E.S.P.,21,0,False,0.55,0.687,2,-14.16,1,0.033,0.101,0.00647,0.0591,0.936,89.026,296467,4
Overnight,5SLmhHAclvfuQUlS8t80ft,Bee Gees,1LZEQNv7sE11VDY3SdxQeN,E.S.P.,18,0,False,0.675,0.663,11,-11.783,0,0.028,0.0226,0.00215,0.103,0.873,125.004,261067,4
Crazy For Your Love,4FPtavOPlmQ9yzNEPKYTIH,Bee Gees,1LZEQNv7sE11VDY3SdxQeN,E.S.P.,16,0,False,0.634,0.89,6,-10.724,0,0.0382,0.0278,0.02,0.142,0.836,140.979,283640,4
Backtafunk,4o8G7FoEquhRpJULm5jE6F,Bee Gees,1LZEQNv7sE11VDY3SdxQeN,E.S.P.,16,0,False,0.684,0.741,11,-12.57,0,0.0366,0.0136,0.000689,0.222,0.767,104.317,263893,4
E.S.P. - Vocal Reprise,0tK3o1Dzggbjg7II9Lnsz6,Bee Gees,1LZEQNv7sE11VDY3SdxQeN,E.S.P.,12,0,False,0.287,0.0637,7,-23.292,1,0.0854,0.7,2.96e-05,0.176,0.0,79.301,30973,3
What Dreams Are Made Of,4QHq8sFjXPiSVMu0z2fmxR,Hilary Duff,2S9W9aSAd7e5mp8WqWxN2h,"Disney 2000s, Vol. 1",49,1,False,0.62,0.915,0,-4.353,0,0.0525,0.0131,2.17e-05,0.329,0.793,127.011,242160,4
Party In The U.S.A.,7EhcbHsOLPRgtzSdmW0y9w,Miley Cyrus,5YGY8feqx7naU7z4HrwZM6,"Disney 2000s, Vol. 1",29,0,False,0.66,0.701,10,-4.649,0,0.0405,0.00112,0.00016,0.0871,0.436,96.002,202733,4
Love You Like A Love Song,78LWiIKq1oOqnWHENEqJaW,Selena Gomez & The Scene,6dJeKm76NjfXBNTpHmOhfO,"Disney 2000s, Vol. 1",29,0,False,0.858,0.678,1,-3.87,0,0.0469,0.075,0.0,0.0741,0.926,117.009,188453,4
Nobody's Perfect - From “Hannah Montana 2”,75zVXOp068h2naBMJXJyye,Hannah Montana,7nU4hB040gTmHm45YYMvqc,"Disney 2000s, Vol. 1",28,0,False,0.593,0.981,8,-3.624,1,0.0629,0.0461,7.03e-06,0.334,0.751,131.966,200613,4
Who Says,4QxBNiMzTf9Wy5q9AlSuox,Selena Gomez & The Scene,6dJeKm76NjfXBNTpHmOhfO,"Disney 2000s, Vol. 1",28,0,False,0.683,0.926,4,-2.914,1,0.046,0.0691,0.0,0.201,0.769,101.013,195613,4
"Gotta Find You - From ""Camp Rock""/Soundtrack Version",7iIoMlJdUvPsnbuMdcQM12,Joe Jonas,7gbmX8SsfjEjxDMzBi1ZOL,"Disney 2000s, Vol. 1",52,1,False,0.456,0.743,11,-5.139,1,0.0313,0.0491,0.0,0.0874,0.475,82.011,241867,4
The Climb,4lY1aUZ6VaApDv7p7lUtuE,Miley Cyrus,5YGY8feqx7naU7z4HrwZM6,"Disney 2000s, Vol. 1",59,1,False,0.342,0.584,4,-6.609,1,0.033,0.0848,0.0,0.104,0.339,161.054,236067,4
"This Is Me - From ""Camp Rock""",0hCQZfphHl18vUhh0hB41f,Demi Lovato,6S2OmqARrzebs0tKUEyXyp,"Disney 2000s, Vol. 1",58,1,False,0.485,0.823,1,-2.816,1,0.0362,0.00981,0.0,0.116,0.557,91.005,189187,4
7 Things,53z4AXUfcLDbI1fXMo6s17,Miley Cyrus,5YGY8feqx7naU7z4HrwZM6,"Disney 2000s, Vol. 1",27,0,False,0.591,0.904,1,-4.478,0,0.0359,0.0244,0.0,0.0786,0.542,107.026,213453,4
You'll Always Find Your Way Back Home,5MK1I5GUnP0Bfppb50ftP9,Hannah Montana,7nU4hB040gTmHm45YYMvqc,"Disney 2000s, Vol. 1",56,1,False,0.578,0.906,8,-3.673,1,0.0583,0.0304,0.0,0.189,0.692,152.945,224187,4
Hoedown Throwdown,6G6x2oYkhL8563jenChqmW,Miley Cyrus,5YGY8feqx7naU7z4HrwZM6,"Disney 2000s, Vol. 1",47,0,False,0.738,0.804,10,-6.018,0,0.0607,0.199,0.0,0.297,0.792,109.045,181013,4
Potential Breakup Song,2Y120IlqBJ8pqEadt71fjt,Aly & AJ,5wugb0kaq0J6nyQ5Xgd17i,"Disney 2000s, Vol. 1",28,0,False,0.573,0.89,6,-4.139,0,0.039,0.00082,0.00937,0.564,0.765,158.038,219773,4
Rock Star - From “Hannah Montana 2”,6fkHcUu9gU7wSXZWdICyZ8,Hannah Montana,7nU4hB040gTmHm45YYMvqc,"Disney 2000s, Vol. 1",26,0,False,0.47,0.95,2,-3.733,1,0.133,0.00387,1.03e-06,0.321,0.57,160.814,179040,4
He Could Be the One,1p9TGUHQH0Z8ihFw4yZBMQ,Hannah Montana,7nU4hB040gTmHm45YYMvqc,"Disney 2000s, Vol. 1",26,0,False,0.603,0.895,4,-3.975,1,0.032,0.00154,0.0,0.433,0.643,125.987,180800,4
"Fabulous - From ""High School Musical 2""/Soundtrack Version",1O9Tohm2gV4Pulz20VqUFU,Sharpay Evans,3WtcOzeKXq5mUINE0bNfnt,"Disney 2000s, Vol. 1",55,1,False,0.813,0.819,8,-3.466,1,0.141,0.184,0.0,0.0502,0.748,131.997,181267,4
Walking On Sunshine,1SCBzq5KDJLheWLNoXLCcG,Aly & AJ,5wugb0kaq0J6nyQ5Xgd17i,"Disney 2000s, Vol. 1",23,0,False,0.641,0.962,9,-3.268,1,0.0425,0.0097,0.0,0.0792,0.878,108.97,234573,4
Uh Oh,6isz1c3HEYm4Ja8eviRG8I,The Cheetah Girls,4ntkql3f3ect7NDRUJ7aAY,"Disney 2000s, Vol. 1",22,0,False,0.804,0.742,1,-7.271,0,0.0317,0.227,1.64e-06,0.0613,0.946,109.99,194773,4
Drama Queen (That Girl) - Original Version,1tfk2Y0Kn3VF7RvSdikhQu,Lindsay Lohan,4vRSocKbGh7PsQrYRDVMEF,"Disney 2000s, Vol. 1",40,1,False,0.653,0.826,2,-5.23,1,0.0464,0.00102,0.0086,0.0938,0.89,129.989,209093,4
So Bring It On,63oSDKzfjGASwQzygW6PcB,The Cheetah Girls,4ntkql3f3ect7NDRUJ7aAY,"Disney 2000s, Vol. 1",20,0,False,0.745,0.673,7,-5.339,1,0.0436,0.00207,0.000328,0.597,0.906,120.957,179560,4
Hey,0wu1DeSEnjFcEjuYtgfijp,Mitchel Musso,3IcF2f5vEkY6HPQfLlQDlw,"Disney 2000s, Vol. 1",20,0,False,0.403,0.774,1,-3.169,1,0.0395,0.00863,0.0,0.0836,0.739,183.953,181227,4
